{"cameraMode":{"drawMode":0,"name":"Shaded","section":"Shading Mode"},"sceneLighting":false,"audioPlay":false,"sceneViewState":{"showFog":true,"showMaterialUpdate":true,"showSkybox":true,"showFlares":true,"showImageEffects":true,"showParticleSystems":true},"in2DMode":false,"pivot":{"x":-0.012122392654418946,"y":2.6218366622924806,"z":0.04731440544128418},"rotation":{"x":0.28247466683387759,"y":0.10107027739286423,"z":-0.02994684875011444,"w":0.9534652829170227},"size":17.171611785888673,"orthographic":false}