{"cameraMode":{"drawMode":0,"name":"Shaded","section":"Shading Mode"},"sceneLighting":false,"audioPlay":false,"sceneViewState":{"showFog":true,"showMaterialUpdate":false,"showSkybox":true,"showFlares":true,"showImageEffects":true,"showParticleSystems":true},"in2DMode":false,"pivot":{"x":61.15487289428711,"y":5.304999351501465,"z":0.3403952121734619},"rotation":{"x":-0.03279193118214607,"y":-0.5609996914863586,"z":0.022245293483138086,"w":-0.8268671631813049},"size":17.923175811767579,"orthographic":false}