{"cameraMode":{"drawMode":0,"name":"Shaded","section":"Shading Mode"},"sceneLighting":false,"audioPlay":false,"sceneViewState":{"showFog":true,"showMaterialUpdate":true,"showSkybox":true,"showFlares":true,"showImageEffects":true,"showParticleSystems":true},"in2DMode":false,"pivot":{"x":0.0013172179460525513,"y":0.04397529363632202,"z":0.005898326635360718},"rotation":{"x":-0.029603125527501107,"y":0.964183509349823,"z":-0.2335364669561386,"w":-0.12220747023820877},"size":1.1169061660766602,"orthographic":false}