{"cameraMode":{"drawMode":0,"name":"Shaded","section":"Shading Mode"},"sceneLighting":false,"audioPlay":false,"sceneViewState":{"showFog":true,"showMaterialUpdate":true,"showSkybox":true,"showFlares":true,"showImageEffects":true,"showParticleSystems":true},"in2DMode":false,"pivot":{"x":0.035820722579956058,"y":2.6057353019714357,"z":-0.01569950580596924},"rotation":{"x":0.28247466683387759,"y":0.10107027739286423,"z":-0.02994684875011444,"w":0.9534652829170227},"size":17.346328735351564,"orthographic":false}