{"cameraMode":{"drawMode":0,"name":"Shaded","section":"Shading Mode"},"sceneLighting":false,"audioPlay":false,"sceneViewState":{"showFog":true,"showMaterialUpdate":true,"showSkybox":true,"showFlares":true,"showImageEffects":true,"showParticleSystems":true},"in2DMode":false,"pivot":{"x":17.065505981445314,"y":-20.15376091003418,"z":-34.437076568603519},"rotation":{"x":0.06479720026254654,"y":0.9302693605422974,"z":-0.30006909370422366,"w":0.2008950114250183},"size":56.90203857421875,"orthographic":false}