{"cameraMode":{"drawMode":0,"name":"Shaded","section":"Shading Mode"},"sceneLighting":false,"audioPlay":false,"sceneViewState":{"showFog":true,"showMaterialUpdate":true,"showSkybox":true,"showFlares":true,"showImageEffects":true,"showParticleSystems":true},"in2DMode":false,"pivot":{"x":-6.831033706665039,"y":1.4784245491027833,"z":0.0},"rotation":{"x":0.3805450201034546,"y":-0.12061350792646408,"z":0.050134941935539249,"w":0.9154913425445557},"size":6.521167278289795,"orthographic":false}