{"cameraMode":{"drawMode":0,"name":"Shaded","section":"Shading Mode"},"sceneLighting":false,"audioPlay":false,"sceneViewState":{"showFog":true,"showMaterialUpdate":true,"showSkybox":true,"showFlares":true,"showImageEffects":true,"showParticleSystems":true},"in2DMode":false,"pivot":{"x":0.9607257843017578,"y":3.1559998989105226,"z":-0.002567768096923828},"rotation":{"x":0.28247466683387759,"y":0.10107027739286423,"z":-0.02994684875011444,"w":0.9534652829170227},"size":42.10115051269531,"orthographic":false}