{"cameraMode":{"drawMode":0,"name":"Shaded","section":"Shading Mode"},"sceneLighting":false,"audioPlay":false,"sceneViewState":{"showFog":true,"showMaterialUpdate":true,"showSkybox":true,"showFlares":true,"showImageEffects":true,"showParticleSystems":true},"in2DMode":false,"pivot":{"x":-0.34600019454956057,"y":3.1559998989105226,"z":1.5659109354019166},"rotation":{"x":0.06479720026254654,"y":0.9302693605422974,"z":-0.30006909370422366,"w":0.2008950114250183},"size":28.00726318359375,"orthographic":false}