{"cameraMode":{"drawMode":0,"name":"Shaded","section":"Shading Mode"},"sceneLighting":true,"audioPlay":false,"sceneViewState":{"showFog":true,"showMaterialUpdate":true,"showSkybox":true,"showFlares":true,"showImageEffects":true,"showParticleSystems":true},"in2DMode":false,"pivot":{"x":-23.838790893554689,"y":8.822592735290528,"z":9.346748352050782},"rotation":{"x":0.024286866188049318,"y":-0.9755824208259583,"z":0.162202849984169,"w":0.14608004689216615},"size":40.19621276855469,"orthographic":false}