{"cameraMode":{"drawMode":0,"name":"Shaded","section":"Shading Mode"},"sceneLighting":false,"audioPlay":false,"sceneViewState":{"showFog":true,"showMaterialUpdate":false,"showSkybox":true,"showFlares":true,"showImageEffects":true,"showParticleSystems":true},"in2DMode":false,"pivot":{"x":0.06421160697937012,"y":2.6057353019714357,"z":-0.009999990463256836},"rotation":{"x":0.07996382564306259,"y":0.8544738292694092,"z":-0.1382332146167755,"w":0.49433982372283938},"size":17.409692764282228,"orthographic":false}