{"cameraMode":{"drawMode":0,"name":"Shaded","section":"Shading Mode"},"sceneLighting":false,"audioPlay":false,"sceneViewState":{"showFog":true,"showMaterialUpdate":true,"showSkybox":true,"showFlares":true,"showImageEffects":true,"showParticleSystems":true},"in2DMode":false,"pivot":{"x":-4.20622444152832,"y":-2.3720221519470217,"z":-9.030665397644043},"rotation":{"x":-0.006382203660905361,"y":-0.9922149181365967,"z":0.11032996326684952,"w":-0.05741189420223236},"size":14.281959533691407,"orthographic":false}