{"cameraMode":{"drawMode":0,"name":"Shaded","section":"Shading Mode"},"sceneLighting":false,"audioPlay":false,"sceneViewState":{"showFog":true,"showMaterialUpdate":false,"showSkybox":true,"showFlares":true,"showImageEffects":true,"showParticleSystems":true},"in2DMode":false,"pivot":{"x":1.9725871086120606,"y":0.0237424373626709,"z":-0.031963348388671878},"rotation":{"x":0.01773988828063011,"y":-0.00836891122162342,"z":0.00015014286327641457,"w":0.999807596206665},"size":10.26008415222168,"orthographic":false}