{"cameraMode":{"drawMode":0,"name":"Shaded","section":"Shading Mode"},"sceneLighting":false,"audioPlay":false,"sceneViewState":{"showFog":true,"showMaterialUpdate":false,"showSkybox":true,"showFlares":true,"showImageEffects":true,"showParticleSystems":true},"in2DMode":false,"pivot":{"x":27.87993049621582,"y":0.11420905590057373,"z":81.74885559082031},"rotation":{"x":-0.006455352064222097,"y":-0.9935063719749451,"z":-0.07601801306009293,"w":0.08440841734409332},"size":2.8578836917877199,"orthographic":false}