{"cameraMode":{"drawMode":0,"name":"Shaded","section":"Shading Mode"},"sceneLighting":false,"audioPlay":false,"sceneViewState":{"showFog":true,"showMaterialUpdate":false,"showSkybox":true,"showFlares":true,"showImageEffects":true,"showParticleSystems":true},"in2DMode":false,"pivot":{"x":52.67949295043945,"y":-14.352375030517579,"z":1.6032065153121949},"rotation":{"x":0.3903396725654602,"y":0.603247880935669,"z":-0.43203204870224,"w":0.5450460910797119},"size":31.566051483154298,"orthographic":false}