{"cameraMode":{"drawMode":0,"name":"Shaded","section":"Shading Mode"},"sceneLighting":false,"audioPlay":false,"sceneViewState":{"showFog":true,"showMaterialUpdate":true,"showSkybox":true,"showFlares":true,"showImageEffects":true,"showParticleSystems":true},"in2DMode":false,"pivot":{"x":-9.459677696228028,"y":1.399999976158142,"z":-5.126580238342285},"rotation":{"x":-0.13733890652656556,"y":-0.6805529594421387,"z":0.132113516330719,"w":-0.7074827551841736},"size":2.8578836917877199,"orthographic":false}