{"cameraMode":{"drawMode":0,"name":"Shaded","section":"Shading Mode"},"sceneLighting":false,"audioPlay":false,"sceneViewState":{"showFog":true,"showMaterialUpdate":true,"showSkybox":true,"showFlares":true,"showImageEffects":true,"showParticleSystems":true},"in2DMode":false,"pivot":{"x":55.774051666259769,"y":-0.7930479645729065,"z":6.9875617027282719},"rotation":{"x":0.07580039650201798,"y":0.6520142555236816,"z":-0.0657670795917511,"w":0.7515360713005066},"size":53.594146728515628,"orthographic":false}