{"cameraMode":{"drawMode":0,"name":"Shaded","section":"Shading Mode"},"sceneLighting":true,"audioPlay":false,"sceneViewState":{"showFog":true,"showMaterialUpdate":false,"showSkybox":true,"showFlares":true,"showImageEffects":true,"showParticleSystems":true},"in2DMode":false,"pivot":{"x":101.98375701904297,"y":9.19511890411377,"z":16.62799835205078},"rotation":{"x":-0.03324415534734726,"y":0.6912998557090759,"z":0.031864747405052188,"w":0.7210991382598877},"size":42.10869216918945,"orthographic":false}