{"cameraMode":{"drawMode":0,"name":"Shaded","section":"Shading Mode"},"sceneLighting":false,"audioPlay":false,"sceneViewState":{"showFog":true,"showMaterialUpdate":true,"showSkybox":true,"showFlares":true,"showImageEffects":true,"showParticleSystems":true},"in2DMode":false,"pivot":{"x":-3.4022903442382814,"y":-0.7032127976417542,"z":-0.2957105338573456},"rotation":{"x":-0.07358860969543457,"y":0.6789548993110657,"z":-0.06870053708553314,"w":-0.7272449731826782},"size":5.94191312789917,"orthographic":false}