{"cameraMode":{"drawMode":0,"name":"Shaded","section":"Shading Mode"},"sceneLighting":false,"audioPlay":false,"sceneViewState":{"showFog":true,"showMaterialUpdate":true,"showSkybox":true,"showFlares":true,"showImageEffects":true,"showParticleSystems":true},"in2DMode":false,"pivot":{"x":-1.2121047973632813,"y":0.8806009292602539,"z":0.8105764389038086},"rotation":{"x":-0.2758338451385498,"y":-0.5711260437965393,"z":0.21187680959701539,"w":-0.7435314059257507},"size":13.078418731689454,"orthographic":false}