{"cameraMode":{"drawMode":0,"name":"Shaded","section":"Shading Mode"},"sceneLighting":false,"audioPlay":false,"sceneViewState":{"showFog":true,"showMaterialUpdate":false,"showSkybox":true,"showFlares":true,"showImageEffects":true,"showParticleSystems":true},"in2DMode":false,"pivot":{"x":-10.639610290527344,"y":32.13874435424805,"z":82.53765869140625},"rotation":{"x":-0.0198527779430151,"y":-0.9793398976325989,"z":0.16098782420158387,"w":-0.12075695395469666},"size":5.568223476409912,"orthographic":false}