{"cameraMode":{"drawMode":0,"name":"Shaded","section":"Shading Mode"},"sceneLighting":false,"audioPlay":false,"sceneViewState":{"showFog":true,"showMaterialUpdate":true,"showSkybox":true,"showFlares":true,"showImageEffects":true,"showParticleSystems":true},"in2DMode":false,"pivot":{"x":12.87526798248291,"y":1.5669012069702149,"z":0.02359330654144287},"rotation":{"x":0.3805450201034546,"y":-0.12061350792646408,"z":0.050134941935539249,"w":0.9154913425445557},"size":4.467623233795166,"orthographic":false}