{"cameraMode":{"drawMode":0,"name":"Shaded","section":"Shading Mode"},"sceneLighting":false,"audioPlay":false,"sceneViewState":{"showFog":true,"showMaterialUpdate":true,"showSkybox":true,"showFlares":true,"showImageEffects":true,"showParticleSystems":true},"in2DMode":false,"pivot":{"x":0.0,"y":2.8949995040893556,"z":-0.004576921463012695},"rotation":{"x":0.28247466683387759,"y":0.10107027739286423,"z":-0.02994684875011444,"w":0.9534652829170227},"size":17.892086029052736,"orthographic":false}