{"cameraMode":{"drawMode":0,"name":"Shaded","section":"Shading Mode"},"sceneLighting":false,"audioPlay":false,"sceneViewState":{"showFog":true,"showMaterialUpdate":false,"showSkybox":true,"showFlares":true,"showImageEffects":true,"showParticleSystems":true},"in2DMode":false,"pivot":{"x":59.40999984741211,"y":2.7978415489196779,"z":-11.380624771118164},"rotation":{"x":0.2669811248779297,"y":0.43123117089271548,"z":-0.13526223599910737,"w":0.8511549830436707},"size":14.004571914672852,"orthographic":false}