{"cameraMode":{"drawMode":0,"name":"Shaded","section":"Shading Mode"},"sceneLighting":false,"audioPlay":false,"sceneViewState":{"showFog":true,"showMaterialUpdate":true,"showSkybox":true,"showFlares":true,"showImageEffects":true,"showParticleSystems":true},"in2DMode":false,"pivot":{"x":-0.007432222366333008,"y":2.6218366622924806,"z":0.04731440544128418},"rotation":{"x":0.06479720026254654,"y":0.9302693605422974,"z":-0.30006909370422366,"w":0.2008950114250183},"size":17.18015480041504,"orthographic":false}