{"cameraMode":{"drawMode":0,"name":"Shaded","section":"Shading Mode"},"sceneLighting":false,"audioPlay":false,"sceneViewState":{"showFog":true,"showMaterialUpdate":false,"showSkybox":true,"showFlares":true,"showImageEffects":true,"showParticleSystems":true},"in2DMode":false,"pivot":{"x":28.668968200683595,"y":-26.48154640197754,"z":7.567602157592773},"rotation":{"x":0.23084641993045808,"y":0.6801180243492127,"z":-0.2404712736606598,"w":0.6529341340065002},"size":85.94261932373047,"orthographic":false}